USE [ShoppingCart]
GO
SET IDENTITY_INSERT [dbo].[Departments] ON 

INSERT [dbo].[Departments] ([Id], [name], [web], [checkstock], [stockstatusid], [description], [pictureext], [browsestyle], [classlisting], [numproducts], [numproductsperrow], [showmanufacturer], [coloralias], [sizealias], [subsizealias], [tnheight], [tnwidth], [fabricalias], [dept_title_tag], [flags], [pers_code], [dontshowdefprodpic], [pagesbeforeafter], [paginationbottom], [paginationtop], [pricelabel], [compare_at_label], [sale_regprice_label], [saleprice_label], [stockstatus_label], [browsesortstyle], [modelidalias], [productdetailstyle], [default_weight], [manufactureralias], [showfabric], [relateditemsalias], [relateditemsnumperrow], [displaydepartmentimage], [displaycolorsavailable]) VALUES (101, N'Computer & Laptops', 1, NULL, NULL, N'Main category that will display on top level on the categories page.', NULL, NULL, NULL, NULL, NULL, NULL, NULL, NULL, NULL, NULL, NULL, NULL, NULL, NULL, NULL, NULL, NULL, NULL, NULL, NULL, NULL, NULL, NULL, NULL, 0, NULL, NULL, CAST(0.00 AS Decimal(15, 2)), NULL, NULL, NULL, NULL, NULL, NULL)
INSERT [dbo].[Departments] ([Id], [name], [web], [checkstock], [stockstatusid], [description], [pictureext], [browsestyle], [classlisting], [numproducts], [numproductsperrow], [showmanufacturer], [coloralias], [sizealias], [subsizealias], [tnheight], [tnwidth], [fabricalias], [dept_title_tag], [flags], [pers_code], [dontshowdefprodpic], [pagesbeforeafter], [paginationbottom], [paginationtop], [pricelabel], [compare_at_label], [sale_regprice_label], [saleprice_label], [stockstatus_label], [browsesortstyle], [modelidalias], [productdetailstyle], [default_weight], [manufactureralias], [showfabric], [relateditemsalias], [relateditemsnumperrow], [displaydepartmentimage], [displaycolorsavailable]) VALUES (102, N'Camera & Photos', 1, NULL, NULL, N'Category for Camera and Photos', NULL, NULL, NULL, NULL, NULL, NULL, NULL, NULL, NULL, NULL, NULL, NULL, NULL, NULL, NULL, NULL, NULL, NULL, NULL, NULL, NULL, NULL, NULL, NULL, 0, NULL, NULL, CAST(0.00 AS Decimal(15, 2)), NULL, NULL, NULL, NULL, NULL, NULL)
INSERT [dbo].[Departments] ([Id], [name], [web], [checkstock], [stockstatusid], [description], [pictureext], [browsestyle], [classlisting], [numproducts], [numproductsperrow], [showmanufacturer], [coloralias], [sizealias], [subsizealias], [tnheight], [tnwidth], [fabricalias], [dept_title_tag], [flags], [pers_code], [dontshowdefprodpic], [pagesbeforeafter], [paginationbottom], [paginationtop], [pricelabel], [compare_at_label], [sale_regprice_label], [saleprice_label], [stockstatus_label], [browsesortstyle], [modelidalias], [productdetailstyle], [default_weight], [manufactureralias], [showfabric], [relateditemsalias], [relateditemsnumperrow], [displaydepartmentimage], [displaycolorsavailable]) VALUES (103, N'Hardware', 1, NULL, NULL, N'category for different hardware', NULL, NULL, NULL, NULL, NULL, NULL, NULL, NULL, NULL, NULL, NULL, NULL, NULL, NULL, NULL, NULL, NULL, NULL, NULL, NULL, NULL, NULL, NULL, NULL, 0, NULL, NULL, CAST(0.00 AS Decimal(15, 2)), NULL, NULL, NULL, NULL, NULL, NULL)
INSERT [dbo].[Departments] ([Id], [name], [web], [checkstock], [stockstatusid], [description], [pictureext], [browsestyle], [classlisting], [numproducts], [numproductsperrow], [showmanufacturer], [coloralias], [sizealias], [subsizealias], [tnheight], [tnwidth], [fabricalias], [dept_title_tag], [flags], [pers_code], [dontshowdefprodpic], [pagesbeforeafter], [paginationbottom], [paginationtop], [pricelabel], [compare_at_label], [sale_regprice_label], [saleprice_label], [stockstatus_label], [browsesortstyle], [modelidalias], [productdetailstyle], [default_weight], [manufactureralias], [showfabric], [relateditemsalias], [relateditemsnumperrow], [displaydepartmentimage], [displaycolorsavailable]) VALUES (104, N'Smartphones & Tablets', 1, NULL, NULL, N'catgory for smartphone and tablets.', NULL, NULL, NULL, NULL, NULL, NULL, NULL, NULL, NULL, NULL, NULL, NULL, NULL, NULL, NULL, NULL, NULL, NULL, NULL, NULL, NULL, NULL, NULL, NULL, 0, NULL, NULL, CAST(0.00 AS Decimal(15, 2)), NULL, NULL, NULL, NULL, NULL, NULL)
INSERT [dbo].[Departments] ([Id], [name], [web], [checkstock], [stockstatusid], [description], [pictureext], [browsestyle], [classlisting], [numproducts], [numproductsperrow], [showmanufacturer], [coloralias], [sizealias], [subsizealias], [tnheight], [tnwidth], [fabricalias], [dept_title_tag], [flags], [pers_code], [dontshowdefprodpic], [pagesbeforeafter], [paginationbottom], [paginationtop], [pricelabel], [compare_at_label], [sale_regprice_label], [saleprice_label], [stockstatus_label], [browsesortstyle], [modelidalias], [productdetailstyle], [default_weight], [manufactureralias], [showfabric], [relateditemsalias], [relateditemsnumperrow], [displaydepartmentimage], [displaycolorsavailable]) VALUES (105, N'TV &Audio', 1, NULL, NULL, N'category for TV and Audio', NULL, NULL, NULL, NULL, NULL, NULL, NULL, NULL, NULL, NULL, NULL, NULL, NULL, NULL, NULL, NULL, NULL, NULL, NULL, NULL, NULL, NULL, NULL, NULL, 0, NULL, NULL, CAST(0.00 AS Decimal(15, 2)), NULL, NULL, NULL, NULL, NULL, NULL)
INSERT [dbo].[Departments] ([Id], [name], [web], [checkstock], [stockstatusid], [description], [pictureext], [browsestyle], [classlisting], [numproducts], [numproductsperrow], [showmanufacturer], [coloralias], [sizealias], [subsizealias], [tnheight], [tnwidth], [fabricalias], [dept_title_tag], [flags], [pers_code], [dontshowdefprodpic], [pagesbeforeafter], [paginationbottom], [paginationtop], [pricelabel], [compare_at_label], [sale_regprice_label], [saleprice_label], [stockstatus_label], [browsesortstyle], [modelidalias], [productdetailstyle], [default_weight], [manufactureralias], [showfabric], [relateditemsalias], [relateditemsnumperrow], [displaydepartmentimage], [displaycolorsavailable]) VALUES (106, N'Gadgets', 1, NULL, NULL, N'category for different gadgets', NULL, NULL, NULL, NULL, NULL, NULL, NULL, NULL, NULL, NULL, NULL, NULL, NULL, NULL, NULL, NULL, NULL, NULL, NULL, NULL, NULL, NULL, NULL, NULL, 0, NULL, NULL, CAST(0.00 AS Decimal(15, 2)), NULL, NULL, NULL, NULL, NULL, NULL)
INSERT [dbo].[Departments] ([Id], [name], [web], [checkstock], [stockstatusid], [description], [pictureext], [browsestyle], [classlisting], [numproducts], [numproductsperrow], [showmanufacturer], [coloralias], [sizealias], [subsizealias], [tnheight], [tnwidth], [fabricalias], [dept_title_tag], [flags], [pers_code], [dontshowdefprodpic], [pagesbeforeafter], [paginationbottom], [paginationtop], [pricelabel], [compare_at_label], [sale_regprice_label], [saleprice_label], [stockstatus_label], [browsesortstyle], [modelidalias], [productdetailstyle], [default_weight], [manufactureralias], [showfabric], [relateditemsalias], [relateditemsnumperrow], [displaydepartmentimage], [displaycolorsavailable]) VALUES (107, N'Car Electronics', 1, NULL, NULL, N'category for car electronics', NULL, NULL, NULL, NULL, NULL, NULL, NULL, NULL, NULL, NULL, NULL, NULL, NULL, NULL, NULL, NULL, NULL, NULL, NULL, NULL, NULL, NULL, NULL, NULL, 0, NULL, NULL, CAST(0.00 AS Decimal(15, 2)), NULL, NULL, NULL, NULL, NULL, NULL)
INSERT [dbo].[Departments] ([Id], [name], [web], [checkstock], [stockstatusid], [description], [pictureext], [browsestyle], [classlisting], [numproducts], [numproductsperrow], [showmanufacturer], [coloralias], [sizealias], [subsizealias], [tnheight], [tnwidth], [fabricalias], [dept_title_tag], [flags], [pers_code], [dontshowdefprodpic], [pagesbeforeafter], [paginationbottom], [paginationtop], [pricelabel], [compare_at_label], [sale_regprice_label], [saleprice_label], [stockstatus_label], [browsesortstyle], [modelidalias], [productdetailstyle], [default_weight], [manufactureralias], [showfabric], [relateditemsalias], [relateditemsnumperrow], [displaydepartmentimage], [displaycolorsavailable]) VALUES (108, N'Video Games and Consoles', 1, NULL, NULL, N'category for Video games and Consoles', NULL, NULL, NULL, NULL, NULL, NULL, NULL, NULL, NULL, NULL, NULL, NULL, NULL, NULL, NULL, NULL, NULL, NULL, NULL, NULL, NULL, NULL, NULL, NULL, 0, NULL, NULL, CAST(0.00 AS Decimal(15, 2)), NULL, NULL, NULL, NULL, NULL, NULL)
INSERT [dbo].[Departments] ([Id], [name], [web], [checkstock], [stockstatusid], [description], [pictureext], [browsestyle], [classlisting], [numproducts], [numproductsperrow], [showmanufacturer], [coloralias], [sizealias], [subsizealias], [tnheight], [tnwidth], [fabricalias], [dept_title_tag], [flags], [pers_code], [dontshowdefprodpic], [pagesbeforeafter], [paginationbottom], [paginationtop], [pricelabel], [compare_at_label], [sale_regprice_label], [saleprice_label], [stockstatus_label], [browsesortstyle], [modelidalias], [productdetailstyle], [default_weight], [manufactureralias], [showfabric], [relateditemsalias], [relateditemsnumperrow], [displaydepartmentimage], [displaycolorsavailable]) VALUES (109, N'Accessories 123', 0, NULL, NULL, N'Category for accessories', NULL, NULL, NULL, NULL, NULL, NULL, NULL, NULL, NULL, NULL, NULL, NULL, NULL, NULL, NULL, NULL, NULL, NULL, NULL, NULL, NULL, NULL, NULL, NULL, 0, NULL, NULL, CAST(0.00 AS Decimal(15, 2)), NULL, NULL, NULL, NULL, NULL, NULL)
INSERT [dbo].[Departments] ([Id], [name], [web], [checkstock], [stockstatusid], [description], [pictureext], [browsestyle], [classlisting], [numproducts], [numproductsperrow], [showmanufacturer], [coloralias], [sizealias], [subsizealias], [tnheight], [tnwidth], [fabricalias], [dept_title_tag], [flags], [pers_code], [dontshowdefprodpic], [pagesbeforeafter], [paginationbottom], [paginationtop], [pricelabel], [compare_at_label], [sale_regprice_label], [saleprice_label], [stockstatus_label], [browsesortstyle], [modelidalias], [productdetailstyle], [default_weight], [manufactureralias], [showfabric], [relateditemsalias], [relateditemsnumperrow], [displaydepartmentimage], [displaycolorsavailable]) VALUES (110, N'MyTest Department', 1, NULL, NULL, N'Test Department', NULL, NULL, NULL, NULL, NULL, NULL, NULL, NULL, NULL, NULL, NULL, NULL, NULL, NULL, NULL, NULL, NULL, NULL, NULL, NULL, NULL, NULL, NULL, NULL, 0, NULL, NULL, CAST(0.00 AS Decimal(15, 2)), NULL, NULL, NULL, NULL, NULL, NULL)
SET IDENTITY_INSERT [dbo].[Departments] OFF
SET IDENTITY_INSERT [dbo].[Classes] ON 

INSERT [dbo].[Classes] ([Id], [departmentId], [name], [web], [description], [pictureext]) VALUES (1002, 103, N'Mother Boards', 1, N'sub category for hardware', NULL)
INSERT [dbo].[Classes] ([Id], [departmentId], [name], [web], [description], [pictureext]) VALUES (1003, 103, N'Graphics Cards', 1, N'sub category for hardware', NULL)
INSERT [dbo].[Classes] ([Id], [departmentId], [name], [web], [description], [pictureext]) VALUES (1004, 103, N'Rams (Random Access Memories)', 1, N'sub category for hardware', NULL)
INSERT [dbo].[Classes] ([Id], [departmentId], [name], [web], [description], [pictureext]) VALUES (1005, 103, N'Keyboards', 1, N'sub category for hardware', NULL)
INSERT [dbo].[Classes] ([Id], [departmentId], [name], [web], [description], [pictureext]) VALUES (1006, 103, N'Mouse', 1, N'sub category for hardware', NULL)
INSERT [dbo].[Classes] ([Id], [departmentId], [name], [web], [description], [pictureext]) VALUES (1007, 101, N'DELL', 1, N'Dell Computers', NULL)
INSERT [dbo].[Classes] ([Id], [departmentId], [name], [web], [description], [pictureext]) VALUES (1008, 110, N'Class For Test', 1, N'class for test department', NULL)
SET IDENTITY_INSERT [dbo].[Classes] OFF
SET IDENTITY_INSERT [dbo].[Manufacturers] ON 

INSERT [dbo].[Manufacturers] ([Id], [name]) VALUES (1, N'Apple')
INSERT [dbo].[Manufacturers] ([Id], [name]) VALUES (2, N'Google')
INSERT [dbo].[Manufacturers] ([Id], [name]) VALUES (3, N'BeoPlay')
INSERT [dbo].[Manufacturers] ([Id], [name]) VALUES (4, N'Meizu')
INSERT [dbo].[Manufacturers] ([Id], [name]) VALUES (5, N'Miniso')
INSERT [dbo].[Manufacturers] ([Id], [name]) VALUES (6, N'OnePlus')
INSERT [dbo].[Manufacturers] ([Id], [name]) VALUES (7, N'Samsun')
INSERT [dbo].[Manufacturers] ([Id], [name]) VALUES (8, N'Sony')
INSERT [dbo].[Manufacturers] ([Id], [name]) VALUES (9, N'Xionmi')
INSERT [dbo].[Manufacturers] ([Id], [name]) VALUES (10, N'Dell')
INSERT [dbo].[Manufacturers] ([Id], [name]) VALUES (11, N'Lenovo')
INSERT [dbo].[Manufacturers] ([Id], [name]) VALUES (12, N'HP')
SET IDENTITY_INSERT [dbo].[Manufacturers] OFF
SET IDENTITY_INSERT [dbo].[SubClasses] ON 

INSERT [dbo].[SubClasses] ([Id], [departmentId], [classId], [name], [web], [description], [pictureext]) VALUES (1002, 103, 1002, N'One Slot', 1, N'Sub Category for Mother Borads', NULL)
INSERT [dbo].[SubClasses] ([Id], [departmentId], [classId], [name], [web], [description], [pictureext]) VALUES (1003, 103, 1002, N'Two Slots', 1, N'Sub Category for Mother Borads', NULL)
INSERT [dbo].[SubClasses] ([Id], [departmentId], [classId], [name], [web], [description], [pictureext]) VALUES (1004, 103, 1003, N'2 Gb ', 1, N'Sub Category for Graphic Cards', NULL)
INSERT [dbo].[SubClasses] ([Id], [departmentId], [classId], [name], [web], [description], [pictureext]) VALUES (1005, 103, 1003, N'4 Gb ', 1, N'Sub Category for Graphic Cards', NULL)
INSERT [dbo].[SubClasses] ([Id], [departmentId], [classId], [name], [web], [description], [pictureext]) VALUES (1006, 103, 1004, N'16 Gb ', 1, N'Sub Category for Rams', NULL)
INSERT [dbo].[SubClasses] ([Id], [departmentId], [classId], [name], [web], [description], [pictureext]) VALUES (1007, 103, 1005, N'USB WIre Supported', 1, N'Sub Category for Keyboards', NULL)
INSERT [dbo].[SubClasses] ([Id], [departmentId], [classId], [name], [web], [description], [pictureext]) VALUES (1008, 103, 1005, N'Wireless A 4 Tech', 1, N'Sub Category for Keyboards', NULL)
INSERT [dbo].[SubClasses] ([Id], [departmentId], [classId], [name], [web], [description], [pictureext]) VALUES (1009, 103, 1005, N'Wireless Miniso', 1, N'Sub Category for Keyboards', NULL)
INSERT [dbo].[SubClasses] ([Id], [departmentId], [classId], [name], [web], [description], [pictureext]) VALUES (1010, 103, 1006, N'USB Mouse', 1, N'Sub Category for Mouse', NULL)
INSERT [dbo].[SubClasses] ([Id], [departmentId], [classId], [name], [web], [description], [pictureext]) VALUES (1011, 101, 1007, N'DELL XPS', 1, N'DELL XPS Laptops', NULL)
INSERT [dbo].[SubClasses] ([Id], [departmentId], [classId], [name], [web], [description], [pictureext]) VALUES (1012, 110, 1008, N'Subclass For test', 1, N'teseting', NULL)
SET IDENTITY_INSERT [dbo].[SubClasses] OFF
SET IDENTITY_INSERT [dbo].[Products] ON 

INSERT [dbo].[Products] ([Id], [departmentId], [classId], [subclassId], [description], [fabric], [taxable], [web], [in_store], [manufacturerId], [stockcheckid], [overridestockcheck], [icon1], [icon1_start], [icon1_end], [icon2], [icon2_start], [icon2_end], [icon3], [icon3_start], [icon3_end], [shipexcepttype], [shipcharge], [linktitle], [linkurl], [extdescription], [price_low], [price_high], [picwidth], [pictureext], [picheight], [personalization], [sp_cmp_price_low], [sp_cmp_price_high], [cmp_at_price_low], [cmp_at_price_high], [stockstatus], [salesrankqty], [active_icon1], [active_icon2], [active_icon3], [product_group], [category], [season], [model_id], [modified_dts], [club_price_low], [club_price_high], [active_inv_dts], [length], [width], [height], [weight], [ship_separately], [additional_handling], [package_type], [product_type], [print_detail], [date_received]) VALUES (11, 101, NULL, NULL, N'Apple Computer', NULL, NULL, 1, NULL, 1, NULL, NULL, NULL, NULL, NULL, NULL, NULL, NULL, NULL, NULL, NULL, NULL, NULL, NULL, NULL, N'this is apple computer', CAST(256.99 AS Decimal(15, 2)), CAST(399.99 AS Decimal(15, 2)), NULL, NULL, NULL, N'N', NULL, NULL, NULL, NULL, NULL, NULL, NULL, NULL, NULL, NULL, NULL, NULL, NULL, CAST(N'2018-09-02T07:43:31.970' AS DateTime), NULL, NULL, CAST(N'2018-09-02T07:43:32.600' AS DateTime), CAST(0.00 AS Decimal(15, 2)), CAST(40.00 AS Decimal(15, 2)), CAST(34.00 AS Decimal(15, 2)), CAST(45.00 AS Decimal(15, 2)), 0, 0, N'A ', N'A', 1, NULL)
INSERT [dbo].[Products] ([Id], [departmentId], [classId], [subclassId], [description], [fabric], [taxable], [web], [in_store], [manufacturerId], [stockcheckid], [overridestockcheck], [icon1], [icon1_start], [icon1_end], [icon2], [icon2_start], [icon2_end], [icon3], [icon3_start], [icon3_end], [shipexcepttype], [shipcharge], [linktitle], [linkurl], [extdescription], [price_low], [price_high], [picwidth], [pictureext], [picheight], [personalization], [sp_cmp_price_low], [sp_cmp_price_high], [cmp_at_price_low], [cmp_at_price_high], [stockstatus], [salesrankqty], [active_icon1], [active_icon2], [active_icon3], [product_group], [category], [season], [model_id], [modified_dts], [club_price_low], [club_price_high], [active_inv_dts], [length], [width], [height], [weight], [ship_separately], [additional_handling], [package_type], [product_type], [print_detail], [date_received]) VALUES (12, 102, NULL, NULL, N'Camera', NULL, NULL, 1, NULL, 4, NULL, NULL, NULL, NULL, NULL, NULL, NULL, NULL, NULL, NULL, NULL, NULL, NULL, NULL, NULL, N'this is conatact', CAST(99.99 AS Decimal(15, 2)), CAST(999.99 AS Decimal(15, 2)), NULL, NULL, NULL, N'N', NULL, NULL, NULL, NULL, NULL, NULL, NULL, NULL, NULL, NULL, NULL, NULL, NULL, CAST(N'2018-09-04T05:59:31.017' AS DateTime), NULL, NULL, CAST(N'2018-09-04T05:59:31.080' AS DateTime), CAST(0.00 AS Decimal(15, 2)), CAST(899.89 AS Decimal(15, 2)), CAST(898.98 AS Decimal(15, 2)), CAST(889.99 AS Decimal(15, 2)), 0, 0, N'A ', N'A', 1, NULL)
INSERT [dbo].[Products] ([Id], [departmentId], [classId], [subclassId], [description], [fabric], [taxable], [web], [in_store], [manufacturerId], [stockcheckid], [overridestockcheck], [icon1], [icon1_start], [icon1_end], [icon2], [icon2_start], [icon2_end], [icon3], [icon3_start], [icon3_end], [shipexcepttype], [shipcharge], [linktitle], [linkurl], [extdescription], [price_low], [price_high], [picwidth], [pictureext], [picheight], [personalization], [sp_cmp_price_low], [sp_cmp_price_high], [cmp_at_price_low], [cmp_at_price_high], [stockstatus], [salesrankqty], [active_icon1], [active_icon2], [active_icon3], [product_group], [category], [season], [model_id], [modified_dts], [club_price_low], [club_price_high], [active_inv_dts], [length], [width], [height], [weight], [ship_separately], [additional_handling], [package_type], [product_type], [print_detail], [date_received]) VALUES (13, 102, NULL, NULL, N'camera 2', NULL, NULL, 1, NULL, 5, NULL, NULL, NULL, NULL, NULL, NULL, NULL, NULL, NULL, NULL, NULL, NULL, NULL, NULL, NULL, N'tessdf', CAST(998.98 AS Decimal(15, 2)), CAST(999.99 AS Decimal(15, 2)), NULL, NULL, NULL, N'N', NULL, NULL, NULL, NULL, NULL, NULL, NULL, NULL, NULL, NULL, NULL, NULL, NULL, CAST(N'2018-09-04T06:02:36.567' AS DateTime), NULL, NULL, CAST(N'2018-09-04T06:02:36.567' AS DateTime), CAST(0.00 AS Decimal(15, 2)), CAST(99.99 AS Decimal(15, 2)), CAST(99.99 AS Decimal(15, 2)), CAST(99.99 AS Decimal(15, 2)), 0, 0, N'A ', N'A', 1, NULL)
INSERT [dbo].[Products] ([Id], [departmentId], [classId], [subclassId], [description], [fabric], [taxable], [web], [in_store], [manufacturerId], [stockcheckid], [overridestockcheck], [icon1], [icon1_start], [icon1_end], [icon2], [icon2_start], [icon2_end], [icon3], [icon3_start], [icon3_end], [shipexcepttype], [shipcharge], [linktitle], [linkurl], [extdescription], [price_low], [price_high], [picwidth], [pictureext], [picheight], [personalization], [sp_cmp_price_low], [sp_cmp_price_high], [cmp_at_price_low], [cmp_at_price_high], [stockstatus], [salesrankqty], [active_icon1], [active_icon2], [active_icon3], [product_group], [category], [season], [model_id], [modified_dts], [club_price_low], [club_price_high], [active_inv_dts], [length], [width], [height], [weight], [ship_separately], [additional_handling], [package_type], [product_type], [print_detail], [date_received]) VALUES (15, 103, NULL, NULL, N'hardware', NULL, NULL, 1, NULL, 5, NULL, NULL, NULL, NULL, NULL, NULL, NULL, NULL, NULL, NULL, NULL, NULL, NULL, NULL, NULL, N'this is hp leptio', CAST(5.00 AS Decimal(15, 2)), CAST(5.55 AS Decimal(15, 2)), NULL, NULL, NULL, N'A', NULL, NULL, NULL, NULL, NULL, NULL, NULL, NULL, NULL, NULL, NULL, NULL, NULL, CAST(N'2018-09-04T23:12:09.833' AS DateTime), NULL, NULL, CAST(N'2018-09-04T23:12:09.833' AS DateTime), CAST(0.00 AS Decimal(15, 2)), CAST(90.00 AS Decimal(15, 2)), CAST(4.34 AS Decimal(15, 2)), CAST(6.00 AS Decimal(15, 2)), 0, 0, N'A ', N'A', 1, NULL)
INSERT [dbo].[Products] ([Id], [departmentId], [classId], [subclassId], [description], [fabric], [taxable], [web], [in_store], [manufacturerId], [stockcheckid], [overridestockcheck], [icon1], [icon1_start], [icon1_end], [icon2], [icon2_start], [icon2_end], [icon3], [icon3_start], [icon3_end], [shipexcepttype], [shipcharge], [linktitle], [linkurl], [extdescription], [price_low], [price_high], [picwidth], [pictureext], [picheight], [personalization], [sp_cmp_price_low], [sp_cmp_price_high], [cmp_at_price_low], [cmp_at_price_high], [stockstatus], [salesrankqty], [active_icon1], [active_icon2], [active_icon3], [product_group], [category], [season], [model_id], [modified_dts], [club_price_low], [club_price_high], [active_inv_dts], [length], [width], [height], [weight], [ship_separately], [additional_handling], [package_type], [product_type], [print_detail], [date_received]) VALUES (16, 103, 1002, NULL, N'mother boards', NULL, NULL, 1, NULL, 5, NULL, NULL, NULL, NULL, NULL, NULL, NULL, NULL, NULL, NULL, NULL, NULL, NULL, NULL, NULL, N'this is hp mother board', CAST(5.00 AS Decimal(15, 2)), CAST(5.55 AS Decimal(15, 2)), NULL, NULL, NULL, N'N', NULL, NULL, NULL, NULL, NULL, NULL, NULL, NULL, NULL, NULL, NULL, NULL, NULL, CAST(N'2018-09-04T23:15:17.433' AS DateTime), NULL, NULL, CAST(N'2018-09-04T23:15:17.433' AS DateTime), CAST(0.00 AS Decimal(15, 2)), CAST(90.00 AS Decimal(15, 2)), CAST(4.34 AS Decimal(15, 2)), CAST(6.00 AS Decimal(15, 2)), 0, 0, N'A ', N'A', 1, NULL)
INSERT [dbo].[Products] ([Id], [departmentId], [classId], [subclassId], [description], [fabric], [taxable], [web], [in_store], [manufacturerId], [stockcheckid], [overridestockcheck], [icon1], [icon1_start], [icon1_end], [icon2], [icon2_start], [icon2_end], [icon3], [icon3_start], [icon3_end], [shipexcepttype], [shipcharge], [linktitle], [linkurl], [extdescription], [price_low], [price_high], [picwidth], [pictureext], [picheight], [personalization], [sp_cmp_price_low], [sp_cmp_price_high], [cmp_at_price_low], [cmp_at_price_high], [stockstatus], [salesrankqty], [active_icon1], [active_icon2], [active_icon3], [product_group], [category], [season], [model_id], [modified_dts], [club_price_low], [club_price_high], [active_inv_dts], [length], [width], [height], [weight], [ship_separately], [additional_handling], [package_type], [product_type], [print_detail], [date_received]) VALUES (17, 103, 1002, 1002, N'mother boards one slot', NULL, NULL, 1, NULL, 5, NULL, NULL, NULL, NULL, NULL, NULL, NULL, NULL, NULL, NULL, NULL, NULL, NULL, NULL, NULL, N'this is hp mother board', CAST(5.00 AS Decimal(15, 2)), CAST(5.55 AS Decimal(15, 2)), NULL, NULL, NULL, N'A', NULL, NULL, NULL, NULL, NULL, NULL, NULL, NULL, NULL, NULL, NULL, NULL, NULL, CAST(N'2018-09-04T23:15:58.370' AS DateTime), NULL, NULL, CAST(N'2018-09-04T23:15:58.370' AS DateTime), CAST(0.00 AS Decimal(15, 2)), CAST(90.00 AS Decimal(15, 2)), CAST(4.34 AS Decimal(15, 2)), CAST(6.00 AS Decimal(15, 2)), 0, 0, N'A ', N'A', 1, NULL)
INSERT [dbo].[Products] ([Id], [departmentId], [classId], [subclassId], [description], [fabric], [taxable], [web], [in_store], [manufacturerId], [stockcheckid], [overridestockcheck], [icon1], [icon1_start], [icon1_end], [icon2], [icon2_start], [icon2_end], [icon3], [icon3_start], [icon3_end], [shipexcepttype], [shipcharge], [linktitle], [linkurl], [extdescription], [price_low], [price_high], [picwidth], [pictureext], [picheight], [personalization], [sp_cmp_price_low], [sp_cmp_price_high], [cmp_at_price_low], [cmp_at_price_high], [stockstatus], [salesrankqty], [active_icon1], [active_icon2], [active_icon3], [product_group], [category], [season], [model_id], [modified_dts], [club_price_low], [club_price_high], [active_inv_dts], [length], [width], [height], [weight], [ship_separately], [additional_handling], [package_type], [product_type], [print_detail], [date_received]) VALUES (18, 103, 1002, 1002, N'mother boards one slot', NULL, NULL, 1, NULL, 5, NULL, NULL, NULL, NULL, NULL, NULL, NULL, NULL, NULL, NULL, NULL, NULL, NULL, NULL, NULL, N'this is hp mother board', CAST(5.00 AS Decimal(15, 2)), CAST(5.55 AS Decimal(15, 2)), NULL, NULL, NULL, N'A', NULL, NULL, NULL, NULL, NULL, NULL, NULL, NULL, NULL, NULL, NULL, NULL, NULL, CAST(N'2018-09-04T23:16:16.543' AS DateTime), NULL, NULL, CAST(N'2018-09-04T23:16:16.543' AS DateTime), CAST(0.00 AS Decimal(15, 2)), CAST(90.00 AS Decimal(15, 2)), CAST(4.34 AS Decimal(15, 2)), CAST(6.00 AS Decimal(15, 2)), 0, 0, N'A ', N'A', 1, NULL)
INSERT [dbo].[Products] ([Id], [departmentId], [classId], [subclassId], [description], [fabric], [taxable], [web], [in_store], [manufacturerId], [stockcheckid], [overridestockcheck], [icon1], [icon1_start], [icon1_end], [icon2], [icon2_start], [icon2_end], [icon3], [icon3_start], [icon3_end], [shipexcepttype], [shipcharge], [linktitle], [linkurl], [extdescription], [price_low], [price_high], [picwidth], [pictureext], [picheight], [personalization], [sp_cmp_price_low], [sp_cmp_price_high], [cmp_at_price_low], [cmp_at_price_high], [stockstatus], [salesrankqty], [active_icon1], [active_icon2], [active_icon3], [product_group], [category], [season], [model_id], [modified_dts], [club_price_low], [club_price_high], [active_inv_dts], [length], [width], [height], [weight], [ship_separately], [additional_handling], [package_type], [product_type], [print_detail], [date_received]) VALUES (19, 103, 1002, 1003, N'mother boards one slot', NULL, NULL, 1, NULL, 5, NULL, NULL, NULL, NULL, NULL, NULL, NULL, NULL, NULL, NULL, NULL, NULL, NULL, NULL, NULL, N'this is hp mother board', CAST(5.00 AS Decimal(15, 2)), CAST(5.55 AS Decimal(15, 2)), NULL, NULL, NULL, N'A', NULL, NULL, NULL, NULL, NULL, NULL, NULL, NULL, NULL, NULL, NULL, NULL, NULL, CAST(N'2018-09-04T23:16:26.103' AS DateTime), NULL, NULL, CAST(N'2018-09-04T23:16:26.103' AS DateTime), CAST(0.00 AS Decimal(15, 2)), CAST(90.00 AS Decimal(15, 2)), CAST(4.34 AS Decimal(15, 2)), CAST(6.00 AS Decimal(15, 2)), 0, 0, N'A ', N'A', 1, NULL)
INSERT [dbo].[Products] ([Id], [departmentId], [classId], [subclassId], [description], [fabric], [taxable], [web], [in_store], [manufacturerId], [stockcheckid], [overridestockcheck], [icon1], [icon1_start], [icon1_end], [icon2], [icon2_start], [icon2_end], [icon3], [icon3_start], [icon3_end], [shipexcepttype], [shipcharge], [linktitle], [linkurl], [extdescription], [price_low], [price_high], [picwidth], [pictureext], [picheight], [personalization], [sp_cmp_price_low], [sp_cmp_price_high], [cmp_at_price_low], [cmp_at_price_high], [stockstatus], [salesrankqty], [active_icon1], [active_icon2], [active_icon3], [product_group], [category], [season], [model_id], [modified_dts], [club_price_low], [club_price_high], [active_inv_dts], [length], [width], [height], [weight], [ship_separately], [additional_handling], [package_type], [product_type], [print_detail], [date_received]) VALUES (20, 103, 1003, 1004, N'graphics cards 2 GB', NULL, NULL, 1, NULL, 5, NULL, NULL, NULL, NULL, NULL, NULL, NULL, NULL, NULL, NULL, NULL, NULL, NULL, NULL, NULL, N'this is hp graphics card 2 GB', CAST(5.00 AS Decimal(15, 2)), CAST(20.00 AS Decimal(15, 2)), NULL, NULL, NULL, N'N', NULL, NULL, NULL, NULL, NULL, NULL, NULL, NULL, NULL, NULL, NULL, NULL, NULL, CAST(N'2018-09-04T23:17:38.147' AS DateTime), NULL, NULL, CAST(N'2018-09-04T23:17:38.147' AS DateTime), CAST(0.00 AS Decimal(15, 2)), CAST(90.00 AS Decimal(15, 2)), CAST(4.34 AS Decimal(15, 2)), CAST(6.00 AS Decimal(15, 2)), 0, 0, N'A ', N'A', 1, NULL)
INSERT [dbo].[Products] ([Id], [departmentId], [classId], [subclassId], [description], [fabric], [taxable], [web], [in_store], [manufacturerId], [stockcheckid], [overridestockcheck], [icon1], [icon1_start], [icon1_end], [icon2], [icon2_start], [icon2_end], [icon3], [icon3_start], [icon3_end], [shipexcepttype], [shipcharge], [linktitle], [linkurl], [extdescription], [price_low], [price_high], [picwidth], [pictureext], [picheight], [personalization], [sp_cmp_price_low], [sp_cmp_price_high], [cmp_at_price_low], [cmp_at_price_high], [stockstatus], [salesrankqty], [active_icon1], [active_icon2], [active_icon3], [product_group], [category], [season], [model_id], [modified_dts], [club_price_low], [club_price_high], [active_inv_dts], [length], [width], [height], [weight], [ship_separately], [additional_handling], [package_type], [product_type], [print_detail], [date_received]) VALUES (21, 103, 1003, 1005, N'graphics cards 4 GB', NULL, NULL, 1, NULL, 5, NULL, NULL, NULL, NULL, NULL, NULL, NULL, NULL, NULL, NULL, NULL, NULL, NULL, NULL, NULL, N'this is hp graphics card 4 GB', CAST(459.99 AS Decimal(15, 2)), CAST(599.99 AS Decimal(15, 2)), NULL, NULL, NULL, N'N', NULL, NULL, NULL, NULL, NULL, NULL, NULL, NULL, NULL, NULL, NULL, NULL, NULL, CAST(N'2018-09-04T23:19:53.257' AS DateTime), NULL, NULL, CAST(N'2018-09-04T23:19:53.257' AS DateTime), CAST(0.00 AS Decimal(15, 2)), CAST(90.00 AS Decimal(15, 2)), CAST(4.34 AS Decimal(15, 2)), CAST(6.00 AS Decimal(15, 2)), 0, 0, N'A ', N'A', 1, NULL)
INSERT [dbo].[Products] ([Id], [departmentId], [classId], [subclassId], [description], [fabric], [taxable], [web], [in_store], [manufacturerId], [stockcheckid], [overridestockcheck], [icon1], [icon1_start], [icon1_end], [icon2], [icon2_start], [icon2_end], [icon3], [icon3_start], [icon3_end], [shipexcepttype], [shipcharge], [linktitle], [linkurl], [extdescription], [price_low], [price_high], [picwidth], [pictureext], [picheight], [personalization], [sp_cmp_price_low], [sp_cmp_price_high], [cmp_at_price_low], [cmp_at_price_high], [stockstatus], [salesrankqty], [active_icon1], [active_icon2], [active_icon3], [product_group], [category], [season], [model_id], [modified_dts], [club_price_low], [club_price_high], [active_inv_dts], [length], [width], [height], [weight], [ship_separately], [additional_handling], [package_type], [product_type], [print_detail], [date_received]) VALUES (22, 103, 1004, 1006, N'graphics cards 4 GB', NULL, NULL, 1, NULL, 5, NULL, NULL, NULL, NULL, NULL, NULL, NULL, NULL, NULL, NULL, NULL, NULL, NULL, NULL, NULL, N'this is hp graphics card 4 GB', CAST(459.99 AS Decimal(15, 2)), CAST(599.99 AS Decimal(15, 2)), NULL, NULL, NULL, N'A', NULL, NULL, NULL, NULL, NULL, NULL, NULL, NULL, NULL, NULL, NULL, NULL, NULL, CAST(N'2018-09-05T02:29:38.010' AS DateTime), NULL, NULL, CAST(N'2018-09-05T02:29:38.010' AS DateTime), CAST(0.00 AS Decimal(15, 2)), CAST(90.00 AS Decimal(15, 2)), CAST(4.34 AS Decimal(15, 2)), CAST(6.00 AS Decimal(15, 2)), 0, 0, N'A ', N'A', 1, NULL)
INSERT [dbo].[Products] ([Id], [departmentId], [classId], [subclassId], [description], [fabric], [taxable], [web], [in_store], [manufacturerId], [stockcheckid], [overridestockcheck], [icon1], [icon1_start], [icon1_end], [icon2], [icon2_start], [icon2_end], [icon3], [icon3_start], [icon3_end], [shipexcepttype], [shipcharge], [linktitle], [linkurl], [extdescription], [price_low], [price_high], [picwidth], [pictureext], [picheight], [personalization], [sp_cmp_price_low], [sp_cmp_price_high], [cmp_at_price_low], [cmp_at_price_high], [stockstatus], [salesrankqty], [active_icon1], [active_icon2], [active_icon3], [product_group], [category], [season], [model_id], [modified_dts], [club_price_low], [club_price_high], [active_inv_dts], [length], [width], [height], [weight], [ship_separately], [additional_handling], [package_type], [product_type], [print_detail], [date_received]) VALUES (23, 103, 1005, 1007, N'graphics cards 4 GB', NULL, NULL, 1, NULL, 5, NULL, NULL, NULL, NULL, NULL, NULL, NULL, NULL, NULL, NULL, NULL, NULL, NULL, NULL, NULL, N'this is hp graphics card 4 GB', CAST(459.99 AS Decimal(15, 2)), CAST(599.99 AS Decimal(15, 2)), NULL, NULL, NULL, N'A', NULL, NULL, NULL, NULL, NULL, NULL, NULL, NULL, NULL, NULL, NULL, NULL, NULL, CAST(N'2018-09-05T02:33:53.487' AS DateTime), NULL, NULL, CAST(N'2018-09-05T02:33:53.487' AS DateTime), CAST(0.00 AS Decimal(15, 2)), CAST(90.00 AS Decimal(15, 2)), CAST(4.34 AS Decimal(15, 2)), CAST(6.00 AS Decimal(15, 2)), 0, 0, N'A ', N'A', 1, NULL)
INSERT [dbo].[Products] ([Id], [departmentId], [classId], [subclassId], [description], [fabric], [taxable], [web], [in_store], [manufacturerId], [stockcheckid], [overridestockcheck], [icon1], [icon1_start], [icon1_end], [icon2], [icon2_start], [icon2_end], [icon3], [icon3_start], [icon3_end], [shipexcepttype], [shipcharge], [linktitle], [linkurl], [extdescription], [price_low], [price_high], [picwidth], [pictureext], [picheight], [personalization], [sp_cmp_price_low], [sp_cmp_price_high], [cmp_at_price_low], [cmp_at_price_high], [stockstatus], [salesrankqty], [active_icon1], [active_icon2], [active_icon3], [product_group], [category], [season], [model_id], [modified_dts], [club_price_low], [club_price_high], [active_inv_dts], [length], [width], [height], [weight], [ship_separately], [additional_handling], [package_type], [product_type], [print_detail], [date_received]) VALUES (24, 103, 1005, 1007, N'wirefull keyboard', NULL, NULL, 1, NULL, 5, NULL, NULL, NULL, NULL, NULL, NULL, NULL, NULL, NULL, NULL, NULL, NULL, NULL, NULL, NULL, N'this is usb keyboard', CAST(10.00 AS Decimal(15, 2)), CAST(45.00 AS Decimal(15, 2)), NULL, NULL, NULL, N'A', NULL, NULL, NULL, NULL, NULL, NULL, NULL, NULL, NULL, NULL, NULL, NULL, NULL, CAST(N'2018-09-05T18:21:02.207' AS DateTime), NULL, NULL, CAST(N'2018-09-05T18:21:02.207' AS DateTime), CAST(0.00 AS Decimal(15, 2)), CAST(20.20 AS Decimal(15, 2)), CAST(20.22 AS Decimal(15, 2)), CAST(13.00 AS Decimal(15, 2)), 0, 0, N'A ', N'A', 1, NULL)
INSERT [dbo].[Products] ([Id], [departmentId], [classId], [subclassId], [description], [fabric], [taxable], [web], [in_store], [manufacturerId], [stockcheckid], [overridestockcheck], [icon1], [icon1_start], [icon1_end], [icon2], [icon2_start], [icon2_end], [icon3], [icon3_start], [icon3_end], [shipexcepttype], [shipcharge], [linktitle], [linkurl], [extdescription], [price_low], [price_high], [picwidth], [pictureext], [picheight], [personalization], [sp_cmp_price_low], [sp_cmp_price_high], [cmp_at_price_low], [cmp_at_price_high], [stockstatus], [salesrankqty], [active_icon1], [active_icon2], [active_icon3], [product_group], [category], [season], [model_id], [modified_dts], [club_price_low], [club_price_high], [active_inv_dts], [length], [width], [height], [weight], [ship_separately], [additional_handling], [package_type], [product_type], [print_detail], [date_received]) VALUES (25, 103, 1005, 1008, N'wirefull keyboard', NULL, NULL, 1, NULL, 5, NULL, NULL, NULL, NULL, NULL, NULL, NULL, NULL, NULL, NULL, NULL, NULL, NULL, NULL, NULL, N'this is usb keyboard', CAST(10.00 AS Decimal(15, 2)), CAST(45.00 AS Decimal(15, 2)), NULL, NULL, NULL, N'A', NULL, NULL, NULL, NULL, NULL, NULL, NULL, NULL, NULL, NULL, NULL, NULL, NULL, CAST(N'2018-09-05T20:14:35.567' AS DateTime), NULL, NULL, CAST(N'2018-09-05T20:14:35.567' AS DateTime), CAST(0.00 AS Decimal(15, 2)), CAST(20.20 AS Decimal(15, 2)), CAST(20.22 AS Decimal(15, 2)), CAST(13.00 AS Decimal(15, 2)), 0, 0, N'A ', N'A', 1, NULL)
INSERT [dbo].[Products] ([Id], [departmentId], [classId], [subclassId], [description], [fabric], [taxable], [web], [in_store], [manufacturerId], [stockcheckid], [overridestockcheck], [icon1], [icon1_start], [icon1_end], [icon2], [icon2_start], [icon2_end], [icon3], [icon3_start], [icon3_end], [shipexcepttype], [shipcharge], [linktitle], [linkurl], [extdescription], [price_low], [price_high], [picwidth], [pictureext], [picheight], [personalization], [sp_cmp_price_low], [sp_cmp_price_high], [cmp_at_price_low], [cmp_at_price_high], [stockstatus], [salesrankqty], [active_icon1], [active_icon2], [active_icon3], [product_group], [category], [season], [model_id], [modified_dts], [club_price_low], [club_price_high], [active_inv_dts], [length], [width], [height], [weight], [ship_separately], [additional_handling], [package_type], [product_type], [print_detail], [date_received]) VALUES (26, 103, 1006, 1010, N'wirefull keyboard', NULL, NULL, 1, NULL, 5, NULL, NULL, NULL, NULL, NULL, NULL, NULL, NULL, NULL, NULL, NULL, NULL, NULL, NULL, NULL, N'this is usb keyboard', CAST(10.00 AS Decimal(15, 2)), CAST(45.00 AS Decimal(15, 2)), NULL, NULL, NULL, N'A', NULL, NULL, NULL, NULL, NULL, NULL, NULL, NULL, NULL, NULL, NULL, NULL, NULL, CAST(N'2018-09-05T20:15:37.683' AS DateTime), NULL, NULL, CAST(N'2018-09-05T20:15:37.683' AS DateTime), CAST(0.00 AS Decimal(15, 2)), CAST(20.20 AS Decimal(15, 2)), CAST(20.22 AS Decimal(15, 2)), CAST(13.00 AS Decimal(15, 2)), 0, 0, N'A ', N'A', 1, NULL)
INSERT [dbo].[Products] ([Id], [departmentId], [classId], [subclassId], [description], [fabric], [taxable], [web], [in_store], [manufacturerId], [stockcheckid], [overridestockcheck], [icon1], [icon1_start], [icon1_end], [icon2], [icon2_start], [icon2_end], [icon3], [icon3_start], [icon3_end], [shipexcepttype], [shipcharge], [linktitle], [linkurl], [extdescription], [price_low], [price_high], [picwidth], [pictureext], [picheight], [personalization], [sp_cmp_price_low], [sp_cmp_price_high], [cmp_at_price_low], [cmp_at_price_high], [stockstatus], [salesrankqty], [active_icon1], [active_icon2], [active_icon3], [product_group], [category], [season], [model_id], [modified_dts], [club_price_low], [club_price_high], [active_inv_dts], [length], [width], [height], [weight], [ship_separately], [additional_handling], [package_type], [product_type], [print_detail], [date_received]) VALUES (27, 104, NULL, NULL, N'head phone', NULL, NULL, 1, NULL, 3, NULL, NULL, NULL, NULL, NULL, NULL, NULL, NULL, NULL, NULL, NULL, NULL, NULL, NULL, NULL, N'this is testing headphone', CAST(45.00 AS Decimal(15, 2)), CAST(50.55 AS Decimal(15, 2)), NULL, NULL, NULL, N'A', NULL, NULL, NULL, NULL, NULL, NULL, NULL, NULL, NULL, NULL, NULL, NULL, NULL, CAST(N'2018-09-05T20:17:52.503' AS DateTime), NULL, NULL, CAST(N'2018-09-05T20:17:52.503' AS DateTime), CAST(0.00 AS Decimal(15, 2)), CAST(5.55 AS Decimal(15, 2)), CAST(5.50 AS Decimal(15, 2)), CAST(5.55 AS Decimal(15, 2)), 0, 0, N'A ', N'A', 1, NULL)
INSERT [dbo].[Products] ([Id], [departmentId], [classId], [subclassId], [description], [fabric], [taxable], [web], [in_store], [manufacturerId], [stockcheckid], [overridestockcheck], [icon1], [icon1_start], [icon1_end], [icon2], [icon2_start], [icon2_end], [icon3], [icon3_start], [icon3_end], [shipexcepttype], [shipcharge], [linktitle], [linkurl], [extdescription], [price_low], [price_high], [picwidth], [pictureext], [picheight], [personalization], [sp_cmp_price_low], [sp_cmp_price_high], [cmp_at_price_low], [cmp_at_price_high], [stockstatus], [salesrankqty], [active_icon1], [active_icon2], [active_icon3], [product_group], [category], [season], [model_id], [modified_dts], [club_price_low], [club_price_high], [active_inv_dts], [length], [width], [height], [weight], [ship_separately], [additional_handling], [package_type], [product_type], [print_detail], [date_received]) VALUES (28, 103, 1002, 1002, N'Testing', NULL, NULL, 1, NULL, 3, NULL, NULL, NULL, NULL, NULL, NULL, NULL, NULL, NULL, NULL, NULL, NULL, NULL, NULL, NULL, N'this is testing categlor', CAST(565.65 AS Decimal(15, 2)), NULL, NULL, NULL, NULL, N'N', NULL, NULL, NULL, NULL, NULL, NULL, NULL, NULL, NULL, NULL, NULL, NULL, NULL, CAST(N'2018-08-07T03:08:33.727' AS DateTime), NULL, NULL, CAST(N'2018-09-07T03:08:33.727' AS DateTime), CAST(0.00 AS Decimal(15, 2)), CAST(343.43 AS Decimal(15, 2)), CAST(343.43 AS Decimal(15, 2)), CAST(454.54 AS Decimal(15, 2)), 0, 0, N'A ', N'A', 1, NULL)
INSERT [dbo].[Products] ([Id], [departmentId], [classId], [subclassId], [description], [fabric], [taxable], [web], [in_store], [manufacturerId], [stockcheckid], [overridestockcheck], [icon1], [icon1_start], [icon1_end], [icon2], [icon2_start], [icon2_end], [icon3], [icon3_start], [icon3_end], [shipexcepttype], [shipcharge], [linktitle], [linkurl], [extdescription], [price_low], [price_high], [picwidth], [pictureext], [picheight], [personalization], [sp_cmp_price_low], [sp_cmp_price_high], [cmp_at_price_low], [cmp_at_price_high], [stockstatus], [salesrankqty], [active_icon1], [active_icon2], [active_icon3], [product_group], [category], [season], [model_id], [modified_dts], [club_price_low], [club_price_high], [active_inv_dts], [length], [width], [height], [weight], [ship_separately], [additional_handling], [package_type], [product_type], [print_detail], [date_received]) VALUES (29, 101, NULL, NULL, N'Mouse for new', NULL, NULL, 1, NULL, 3, NULL, NULL, NULL, NULL, NULL, NULL, NULL, NULL, NULL, NULL, NULL, NULL, NULL, NULL, NULL, N'thsi is new mouse for new mouse', CAST(454.54 AS Decimal(15, 2)), CAST(666.66 AS Decimal(15, 2)), NULL, NULL, NULL, N'N', NULL, NULL, NULL, NULL, NULL, NULL, NULL, NULL, NULL, NULL, NULL, NULL, NULL, CAST(N'2018-09-10T22:47:05.920' AS DateTime), NULL, NULL, CAST(N'2018-09-10T22:47:06.047' AS DateTime), CAST(0.00 AS Decimal(15, 2)), CAST(423.42 AS Decimal(15, 2)), CAST(234.23 AS Decimal(15, 2)), CAST(234.23 AS Decimal(15, 2)), 0, 0, N'A ', N'A', 1, NULL)
INSERT [dbo].[Products] ([Id], [departmentId], [classId], [subclassId], [description], [fabric], [taxable], [web], [in_store], [manufacturerId], [stockcheckid], [overridestockcheck], [icon1], [icon1_start], [icon1_end], [icon2], [icon2_start], [icon2_end], [icon3], [icon3_start], [icon3_end], [shipexcepttype], [shipcharge], [linktitle], [linkurl], [extdescription], [price_low], [price_high], [picwidth], [pictureext], [picheight], [personalization], [sp_cmp_price_low], [sp_cmp_price_high], [cmp_at_price_low], [cmp_at_price_high], [stockstatus], [salesrankqty], [active_icon1], [active_icon2], [active_icon3], [product_group], [category], [season], [model_id], [modified_dts], [club_price_low], [club_price_high], [active_inv_dts], [length], [width], [height], [weight], [ship_separately], [additional_handling], [package_type], [product_type], [print_detail], [date_received]) VALUES (30, 102, NULL, NULL, N'Mouse for new', NULL, NULL, 1, NULL, 3, NULL, NULL, NULL, NULL, NULL, NULL, NULL, NULL, NULL, NULL, NULL, NULL, NULL, NULL, NULL, N'thsi is new mouse for new mouse', CAST(454.54 AS Decimal(15, 2)), CAST(666.66 AS Decimal(15, 2)), NULL, NULL, NULL, N'N', NULL, NULL, NULL, NULL, NULL, NULL, NULL, NULL, NULL, NULL, NULL, NULL, NULL, CAST(N'2018-09-10T22:49:52.183' AS DateTime), NULL, NULL, CAST(N'2018-09-10T22:49:52.493' AS DateTime), CAST(0.00 AS Decimal(15, 2)), CAST(423.42 AS Decimal(15, 2)), CAST(234.23 AS Decimal(15, 2)), CAST(234.23 AS Decimal(15, 2)), 0, 0, N'A ', N'A', 1, NULL)
INSERT [dbo].[Products] ([Id], [departmentId], [classId], [subclassId], [description], [fabric], [taxable], [web], [in_store], [manufacturerId], [stockcheckid], [overridestockcheck], [icon1], [icon1_start], [icon1_end], [icon2], [icon2_start], [icon2_end], [icon3], [icon3_start], [icon3_end], [shipexcepttype], [shipcharge], [linktitle], [linkurl], [extdescription], [price_low], [price_high], [picwidth], [pictureext], [picheight], [personalization], [sp_cmp_price_low], [sp_cmp_price_high], [cmp_at_price_low], [cmp_at_price_high], [stockstatus], [salesrankqty], [active_icon1], [active_icon2], [active_icon3], [product_group], [category], [season], [model_id], [modified_dts], [club_price_low], [club_price_high], [active_inv_dts], [length], [width], [height], [weight], [ship_separately], [additional_handling], [package_type], [product_type], [print_detail], [date_received]) VALUES (31, 107, NULL, NULL, N'this is test', NULL, NULL, 1, NULL, 4, NULL, NULL, NULL, NULL, NULL, NULL, NULL, NULL, NULL, NULL, NULL, NULL, NULL, NULL, NULL, N'tesing applicaion', CAST(123.12 AS Decimal(15, 2)), CAST(333.33 AS Decimal(15, 2)), NULL, NULL, NULL, N'N', NULL, NULL, NULL, NULL, NULL, NULL, NULL, NULL, NULL, NULL, NULL, NULL, NULL, CAST(N'2018-09-10T22:52:52.657' AS DateTime), NULL, NULL, CAST(N'2018-09-10T22:52:52.657' AS DateTime), CAST(0.00 AS Decimal(15, 2)), CAST(123.12 AS Decimal(15, 2)), CAST(123.12 AS Decimal(15, 2)), CAST(123.12 AS Decimal(15, 2)), 0, 0, N'A ', N'A', 1, NULL)
INSERT [dbo].[Products] ([Id], [departmentId], [classId], [subclassId], [description], [fabric], [taxable], [web], [in_store], [manufacturerId], [stockcheckid], [overridestockcheck], [icon1], [icon1_start], [icon1_end], [icon2], [icon2_start], [icon2_end], [icon3], [icon3_start], [icon3_end], [shipexcepttype], [shipcharge], [linktitle], [linkurl], [extdescription], [price_low], [price_high], [picwidth], [pictureext], [picheight], [personalization], [sp_cmp_price_low], [sp_cmp_price_high], [cmp_at_price_low], [cmp_at_price_high], [stockstatus], [salesrankqty], [active_icon1], [active_icon2], [active_icon3], [product_group], [category], [season], [model_id], [modified_dts], [club_price_low], [club_price_high], [active_inv_dts], [length], [width], [height], [weight], [ship_separately], [additional_handling], [package_type], [product_type], [print_detail], [date_received]) VALUES (32, 107, NULL, NULL, N'again test', NULL, NULL, 1, NULL, 4, NULL, NULL, NULL, NULL, NULL, NULL, NULL, NULL, NULL, NULL, NULL, NULL, NULL, NULL, NULL, N'tesing applicaion', CAST(123.12 AS Decimal(15, 2)), CAST(333.33 AS Decimal(15, 2)), NULL, NULL, NULL, N'N', NULL, NULL, NULL, NULL, NULL, NULL, NULL, NULL, NULL, NULL, NULL, NULL, NULL, CAST(N'2018-09-10T22:53:31.607' AS DateTime), NULL, NULL, CAST(N'2018-09-10T22:53:31.607' AS DateTime), CAST(0.00 AS Decimal(15, 2)), CAST(123.12 AS Decimal(15, 2)), CAST(123.12 AS Decimal(15, 2)), CAST(123.12 AS Decimal(15, 2)), 0, 0, N'A ', N'A', 1, NULL)
INSERT [dbo].[Products] ([Id], [departmentId], [classId], [subclassId], [description], [fabric], [taxable], [web], [in_store], [manufacturerId], [stockcheckid], [overridestockcheck], [icon1], [icon1_start], [icon1_end], [icon2], [icon2_start], [icon2_end], [icon3], [icon3_start], [icon3_end], [shipexcepttype], [shipcharge], [linktitle], [linkurl], [extdescription], [price_low], [price_high], [picwidth], [pictureext], [picheight], [personalization], [sp_cmp_price_low], [sp_cmp_price_high], [cmp_at_price_low], [cmp_at_price_high], [stockstatus], [salesrankqty], [active_icon1], [active_icon2], [active_icon3], [product_group], [category], [season], [model_id], [modified_dts], [club_price_low], [club_price_high], [active_inv_dts], [length], [width], [height], [weight], [ship_separately], [additional_handling], [package_type], [product_type], [print_detail], [date_received]) VALUES (33, 102, NULL, NULL, N'All three images', NULL, NULL, 1, NULL, 4, NULL, NULL, NULL, NULL, NULL, NULL, NULL, NULL, NULL, NULL, NULL, NULL, NULL, NULL, NULL, N'all three images should be presetn', CAST(121.21 AS Decimal(15, 2)), CAST(444.44 AS Decimal(15, 2)), NULL, NULL, NULL, N'A', NULL, NULL, NULL, NULL, NULL, NULL, NULL, NULL, NULL, NULL, NULL, NULL, NULL, CAST(N'2018-09-10T23:44:11.397' AS DateTime), NULL, NULL, CAST(N'2018-09-10T23:44:11.397' AS DateTime), CAST(0.00 AS Decimal(15, 2)), CAST(123.12 AS Decimal(15, 2)), CAST(123.12 AS Decimal(15, 2)), CAST(123.12 AS Decimal(15, 2)), 0, 0, N'A ', N'A', 1, NULL)
INSERT [dbo].[Products] ([Id], [departmentId], [classId], [subclassId], [description], [fabric], [taxable], [web], [in_store], [manufacturerId], [stockcheckid], [overridestockcheck], [icon1], [icon1_start], [icon1_end], [icon2], [icon2_start], [icon2_end], [icon3], [icon3_start], [icon3_end], [shipexcepttype], [shipcharge], [linktitle], [linkurl], [extdescription], [price_low], [price_high], [picwidth], [pictureext], [picheight], [personalization], [sp_cmp_price_low], [sp_cmp_price_high], [cmp_at_price_low], [cmp_at_price_high], [stockstatus], [salesrankqty], [active_icon1], [active_icon2], [active_icon3], [product_group], [category], [season], [model_id], [modified_dts], [club_price_low], [club_price_high], [active_inv_dts], [length], [width], [height], [weight], [ship_separately], [additional_handling], [package_type], [product_type], [print_detail], [date_received]) VALUES (34, 102, NULL, NULL, N'testing item', NULL, NULL, 1, NULL, 2, NULL, NULL, NULL, NULL, NULL, NULL, NULL, NULL, NULL, NULL, NULL, NULL, NULL, NULL, NULL, N'with thre images', CAST(222.22 AS Decimal(15, 2)), CAST(444.44 AS Decimal(15, 2)), NULL, NULL, NULL, N'A', NULL, NULL, NULL, NULL, NULL, NULL, NULL, NULL, NULL, NULL, NULL, NULL, NULL, CAST(N'2018-09-11T19:59:35.137' AS DateTime), NULL, NULL, CAST(N'2018-09-11T19:59:35.137' AS DateTime), CAST(0.00 AS Decimal(15, 2)), CAST(111.11 AS Decimal(15, 2)), CAST(111.11 AS Decimal(15, 2)), CAST(122.22 AS Decimal(15, 2)), 0, 0, N'A ', N'A', 1, NULL)
INSERT [dbo].[Products] ([Id], [departmentId], [classId], [subclassId], [description], [fabric], [taxable], [web], [in_store], [manufacturerId], [stockcheckid], [overridestockcheck], [icon1], [icon1_start], [icon1_end], [icon2], [icon2_start], [icon2_end], [icon3], [icon3_start], [icon3_end], [shipexcepttype], [shipcharge], [linktitle], [linkurl], [extdescription], [price_low], [price_high], [picwidth], [pictureext], [picheight], [personalization], [sp_cmp_price_low], [sp_cmp_price_high], [cmp_at_price_low], [cmp_at_price_high], [stockstatus], [salesrankqty], [active_icon1], [active_icon2], [active_icon3], [product_group], [category], [season], [model_id], [modified_dts], [club_price_low], [club_price_high], [active_inv_dts], [length], [width], [height], [weight], [ship_separately], [additional_handling], [package_type], [product_type], [print_detail], [date_received]) VALUES (35, 103, 1003, 1005, N'item with sku', NULL, NULL, 1, NULL, 2, NULL, NULL, NULL, NULL, NULL, NULL, NULL, NULL, NULL, NULL, NULL, NULL, NULL, NULL, NULL, N'thsi is item with three images and sku a asdlf asdf as fas ldfals jflsaj flasjf as''f asjf;a js''fa jsg;las df''as
alsfjla;sdj ;lasj df;laskdujhrt;em nd al;sljf alsjf asg
asldgajelrgmlamglasn lkg', CAST(111.11 AS Decimal(15, 2)), CAST(333.33 AS Decimal(15, 2)), NULL, NULL, NULL, N'A', NULL, NULL, NULL, NULL, NULL, NULL, NULL, NULL, NULL, NULL, NULL, NULL, NULL, CAST(N'2018-09-16T21:54:20.593' AS DateTime), NULL, NULL, CAST(N'2018-09-16T21:54:20.593' AS DateTime), CAST(0.00 AS Decimal(15, 2)), CAST(112.12 AS Decimal(15, 2)), CAST(121.21 AS Decimal(15, 2)), CAST(121.21 AS Decimal(15, 2)), 0, 0, N'A ', N'A', 1, NULL)
INSERT [dbo].[Products] ([Id], [departmentId], [classId], [subclassId], [description], [fabric], [taxable], [web], [in_store], [manufacturerId], [stockcheckid], [overridestockcheck], [icon1], [icon1_start], [icon1_end], [icon2], [icon2_start], [icon2_end], [icon3], [icon3_start], [icon3_end], [shipexcepttype], [shipcharge], [linktitle], [linkurl], [extdescription], [price_low], [price_high], [picwidth], [pictureext], [picheight], [personalization], [sp_cmp_price_low], [sp_cmp_price_high], [cmp_at_price_low], [cmp_at_price_high], [stockstatus], [salesrankqty], [active_icon1], [active_icon2], [active_icon3], [product_group], [category], [season], [model_id], [modified_dts], [club_price_low], [club_price_high], [active_inv_dts], [length], [width], [height], [weight], [ship_separately], [additional_handling], [package_type], [product_type], [print_detail], [date_received]) VALUES (36, 103, 1003, 1005, N'item with sku', NULL, NULL, 1, NULL, 2, NULL, NULL, NULL, NULL, NULL, NULL, NULL, NULL, NULL, NULL, NULL, NULL, NULL, NULL, NULL, N'thsi is item with three images and sku a asdlf asdf as fas ldfals jflsaj flasjf as''f asjf;a js''fa jsg;las df''as
alsfjla;sdj ;lasj df;laskdujhrt;em nd al;sljf alsjf asg
asldgajelrgmlamglasn lkg', CAST(111.11 AS Decimal(15, 2)), CAST(333.33 AS Decimal(15, 2)), NULL, NULL, NULL, N'A', NULL, NULL, NULL, NULL, NULL, NULL, NULL, NULL, NULL, NULL, NULL, NULL, NULL, CAST(N'2018-09-16T21:55:04.210' AS DateTime), NULL, NULL, CAST(N'2018-09-16T21:55:04.210' AS DateTime), CAST(0.00 AS Decimal(15, 2)), CAST(112.12 AS Decimal(15, 2)), CAST(121.21 AS Decimal(15, 2)), CAST(121.21 AS Decimal(15, 2)), 0, 0, N'A ', N'A', 1, NULL)
INSERT [dbo].[Products] ([Id], [departmentId], [classId], [subclassId], [description], [fabric], [taxable], [web], [in_store], [manufacturerId], [stockcheckid], [overridestockcheck], [icon1], [icon1_start], [icon1_end], [icon2], [icon2_start], [icon2_end], [icon3], [icon3_start], [icon3_end], [shipexcepttype], [shipcharge], [linktitle], [linkurl], [extdescription], [price_low], [price_high], [picwidth], [pictureext], [picheight], [personalization], [sp_cmp_price_low], [sp_cmp_price_high], [cmp_at_price_low], [cmp_at_price_high], [stockstatus], [salesrankqty], [active_icon1], [active_icon2], [active_icon3], [product_group], [category], [season], [model_id], [modified_dts], [club_price_low], [club_price_high], [active_inv_dts], [length], [width], [height], [weight], [ship_separately], [additional_handling], [package_type], [product_type], [print_detail], [date_received]) VALUES (37, 103, 1003, 1004, N'test it em with sku', NULL, NULL, 1, NULL, 6, NULL, NULL, NULL, NULL, NULL, NULL, NULL, NULL, NULL, NULL, NULL, NULL, NULL, NULL, NULL, N'som eextended description', CAST(111.11 AS Decimal(15, 2)), CAST(222.22 AS Decimal(15, 2)), NULL, NULL, NULL, N'A', NULL, NULL, NULL, NULL, NULL, NULL, NULL, NULL, NULL, NULL, NULL, NULL, NULL, CAST(N'2018-09-16T22:00:11.760' AS DateTime), NULL, NULL, CAST(N'2018-09-16T22:00:11.760' AS DateTime), CAST(0.00 AS Decimal(15, 2)), CAST(112.12 AS Decimal(15, 2)), CAST(121.21 AS Decimal(15, 2)), CAST(121.21 AS Decimal(15, 2)), 0, 0, N'A ', N'A', 1, NULL)
INSERT [dbo].[Products] ([Id], [departmentId], [classId], [subclassId], [description], [fabric], [taxable], [web], [in_store], [manufacturerId], [stockcheckid], [overridestockcheck], [icon1], [icon1_start], [icon1_end], [icon2], [icon2_start], [icon2_end], [icon3], [icon3_start], [icon3_end], [shipexcepttype], [shipcharge], [linktitle], [linkurl], [extdescription], [price_low], [price_high], [picwidth], [pictureext], [picheight], [personalization], [sp_cmp_price_low], [sp_cmp_price_high], [cmp_at_price_low], [cmp_at_price_high], [stockstatus], [salesrankqty], [active_icon1], [active_icon2], [active_icon3], [product_group], [category], [season], [model_id], [modified_dts], [club_price_low], [club_price_high], [active_inv_dts], [length], [width], [height], [weight], [ship_separately], [additional_handling], [package_type], [product_type], [print_detail], [date_received]) VALUES (38, 103, 1003, 1004, N'item with sku and three images', NULL, NULL, 1, NULL, 6, NULL, NULL, NULL, NULL, NULL, NULL, NULL, NULL, NULL, NULL, NULL, NULL, NULL, NULL, N'Jpeg', N'som eextended description', CAST(111.11 AS Decimal(15, 2)), CAST(222.22 AS Decimal(15, 2)), NULL, NULL, NULL, N'A', NULL, NULL, NULL, NULL, NULL, NULL, NULL, NULL, NULL, NULL, NULL, NULL, NULL, CAST(N'2018-09-16T22:03:18.287' AS DateTime), NULL, NULL, CAST(N'2018-09-16T22:03:18.287' AS DateTime), CAST(0.00 AS Decimal(15, 2)), CAST(112.12 AS Decimal(15, 2)), CAST(121.21 AS Decimal(15, 2)), CAST(121.21 AS Decimal(15, 2)), 0, 0, N'A ', N'A', 1, NULL)
INSERT [dbo].[Products] ([Id], [departmentId], [classId], [subclassId], [description], [fabric], [taxable], [web], [in_store], [manufacturerId], [stockcheckid], [overridestockcheck], [icon1], [icon1_start], [icon1_end], [icon2], [icon2_start], [icon2_end], [icon3], [icon3_start], [icon3_end], [shipexcepttype], [shipcharge], [linktitle], [linkurl], [extdescription], [price_low], [price_high], [picwidth], [pictureext], [picheight], [personalization], [sp_cmp_price_low], [sp_cmp_price_high], [cmp_at_price_low], [cmp_at_price_high], [stockstatus], [salesrankqty], [active_icon1], [active_icon2], [active_icon3], [product_group], [category], [season], [model_id], [modified_dts], [club_price_low], [club_price_high], [active_inv_dts], [length], [width], [height], [weight], [ship_separately], [additional_handling], [package_type], [product_type], [print_detail], [date_received]) VALUES (39, 103, 1003, 1004, N'new item with sku', NULL, NULL, 1, NULL, 6, NULL, NULL, NULL, NULL, NULL, NULL, NULL, NULL, NULL, NULL, NULL, NULL, NULL, NULL, N'Jpeg', N'som eextended description', CAST(111.11 AS Decimal(15, 2)), CAST(222.22 AS Decimal(15, 2)), NULL, NULL, NULL, N'A', NULL, NULL, NULL, NULL, NULL, NULL, NULL, NULL, NULL, NULL, NULL, NULL, NULL, CAST(N'2018-09-17T17:54:16.373' AS DateTime), NULL, NULL, CAST(N'2018-09-17T17:54:16.373' AS DateTime), CAST(0.00 AS Decimal(15, 2)), CAST(112.12 AS Decimal(15, 2)), CAST(121.21 AS Decimal(15, 2)), CAST(121.21 AS Decimal(15, 2)), 0, 0, N'A ', N'A', 1, NULL)
INSERT [dbo].[Products] ([Id], [departmentId], [classId], [subclassId], [description], [fabric], [taxable], [web], [in_store], [manufacturerId], [stockcheckid], [overridestockcheck], [icon1], [icon1_start], [icon1_end], [icon2], [icon2_start], [icon2_end], [icon3], [icon3_start], [icon3_end], [shipexcepttype], [shipcharge], [linktitle], [linkurl], [extdescription], [price_low], [price_high], [picwidth], [pictureext], [picheight], [personalization], [sp_cmp_price_low], [sp_cmp_price_high], [cmp_at_price_low], [cmp_at_price_high], [stockstatus], [salesrankqty], [active_icon1], [active_icon2], [active_icon3], [product_group], [category], [season], [model_id], [modified_dts], [club_price_low], [club_price_high], [active_inv_dts], [length], [width], [height], [weight], [ship_separately], [additional_handling], [package_type], [product_type], [print_detail], [date_received]) VALUES (40, 103, 1002, 1003, N'Holding Rack', NULL, NULL, 1, NULL, 4, NULL, NULL, NULL, NULL, NULL, NULL, NULL, NULL, NULL, NULL, NULL, NULL, NULL, NULL, N'jpg', N'this is a holsing rack', CAST(342.22 AS Decimal(15, 2)), NULL, NULL, NULL, NULL, N'N', NULL, NULL, NULL, NULL, NULL, NULL, NULL, NULL, NULL, NULL, NULL, NULL, NULL, CAST(N'2018-11-24T15:09:33.007' AS DateTime), NULL, NULL, CAST(N'2018-11-24T15:09:33.007' AS DateTime), CAST(0.00 AS Decimal(15, 2)), CAST(121.21 AS Decimal(15, 2)), CAST(121.21 AS Decimal(15, 2)), CAST(121.21 AS Decimal(15, 2)), 0, 0, N'A ', N'A', 1, NULL)
INSERT [dbo].[Products] ([Id], [departmentId], [classId], [subclassId], [description], [fabric], [taxable], [web], [in_store], [manufacturerId], [stockcheckid], [overridestockcheck], [icon1], [icon1_start], [icon1_end], [icon2], [icon2_start], [icon2_end], [icon3], [icon3_start], [icon3_end], [shipexcepttype], [shipcharge], [linktitle], [linkurl], [extdescription], [price_low], [price_high], [picwidth], [pictureext], [picheight], [personalization], [sp_cmp_price_low], [sp_cmp_price_high], [cmp_at_price_low], [cmp_at_price_high], [stockstatus], [salesrankqty], [active_icon1], [active_icon2], [active_icon3], [product_group], [category], [season], [model_id], [modified_dts], [club_price_low], [club_price_high], [active_inv_dts], [length], [width], [height], [weight], [ship_separately], [additional_handling], [package_type], [product_type], [print_detail], [date_received]) VALUES (41, 101, NULL, NULL, N'Testing Product', NULL, NULL, 1, NULL, 4, NULL, NULL, NULL, NULL, NULL, NULL, NULL, NULL, NULL, NULL, NULL, NULL, NULL, NULL, N'jpeg', N'some descruption', CAST(100.00 AS Decimal(15, 2)), CAST(110.00 AS Decimal(15, 2)), NULL, NULL, NULL, N'A', NULL, NULL, NULL, NULL, NULL, NULL, NULL, NULL, NULL, NULL, NULL, NULL, NULL, CAST(N'2018-11-24T15:43:02.867' AS DateTime), NULL, NULL, CAST(N'2018-11-24T15:43:02.867' AS DateTime), CAST(0.00 AS Decimal(15, 2)), CAST(21.21 AS Decimal(15, 2)), CAST(22.22 AS Decimal(15, 2)), CAST(21.00 AS Decimal(15, 2)), 0, 0, N'A ', N'A', 1, NULL)
INSERT [dbo].[Products] ([Id], [departmentId], [classId], [subclassId], [description], [fabric], [taxable], [web], [in_store], [manufacturerId], [stockcheckid], [overridestockcheck], [icon1], [icon1_start], [icon1_end], [icon2], [icon2_start], [icon2_end], [icon3], [icon3_start], [icon3_end], [shipexcepttype], [shipcharge], [linktitle], [linkurl], [extdescription], [price_low], [price_high], [picwidth], [pictureext], [picheight], [personalization], [sp_cmp_price_low], [sp_cmp_price_high], [cmp_at_price_low], [cmp_at_price_high], [stockstatus], [salesrankqty], [active_icon1], [active_icon2], [active_icon3], [product_group], [category], [season], [model_id], [modified_dts], [club_price_low], [club_price_high], [active_inv_dts], [length], [width], [height], [weight], [ship_separately], [additional_handling], [package_type], [product_type], [print_detail], [date_received]) VALUES (42, 101, NULL, NULL, N'Headphone white', NULL, NULL, 1, NULL, 4, NULL, NULL, NULL, NULL, NULL, NULL, NULL, NULL, NULL, NULL, NULL, NULL, NULL, NULL, N'jpeg', N'asdfasdf', CAST(222.22 AS Decimal(15, 2)), CAST(111.11 AS Decimal(15, 2)), NULL, NULL, NULL, N'A', NULL, NULL, NULL, NULL, NULL, NULL, NULL, NULL, NULL, NULL, NULL, NULL, NULL, CAST(N'2018-11-24T15:46:28.523' AS DateTime), NULL, NULL, CAST(N'2018-11-24T15:46:28.680' AS DateTime), CAST(0.00 AS Decimal(15, 2)), CAST(111.11 AS Decimal(15, 2)), CAST(111.11 AS Decimal(15, 2)), CAST(111.11 AS Decimal(15, 2)), 0, 0, N'A ', N'A', 1, NULL)
INSERT [dbo].[Products] ([Id], [departmentId], [classId], [subclassId], [description], [fabric], [taxable], [web], [in_store], [manufacturerId], [stockcheckid], [overridestockcheck], [icon1], [icon1_start], [icon1_end], [icon2], [icon2_start], [icon2_end], [icon3], [icon3_start], [icon3_end], [shipexcepttype], [shipcharge], [linktitle], [linkurl], [extdescription], [price_low], [price_high], [picwidth], [pictureext], [picheight], [personalization], [sp_cmp_price_low], [sp_cmp_price_high], [cmp_at_price_low], [cmp_at_price_high], [stockstatus], [salesrankqty], [active_icon1], [active_icon2], [active_icon3], [product_group], [category], [season], [model_id], [modified_dts], [club_price_low], [club_price_high], [active_inv_dts], [length], [width], [height], [weight], [ship_separately], [additional_handling], [package_type], [product_type], [print_detail], [date_received]) VALUES (43, 101, NULL, NULL, N'test descruption', NULL, NULL, 1, NULL, 5, NULL, NULL, NULL, NULL, NULL, NULL, NULL, NULL, NULL, NULL, NULL, NULL, NULL, NULL, N'jpeg', N'thsi is test', CAST(111.11 AS Decimal(15, 2)), CAST(222.22 AS Decimal(15, 2)), NULL, NULL, NULL, N'A', NULL, NULL, NULL, NULL, NULL, NULL, NULL, NULL, NULL, NULL, NULL, NULL, NULL, CAST(N'2018-11-24T15:55:50.810' AS DateTime), NULL, NULL, CAST(N'2018-11-24T15:55:50.993' AS DateTime), CAST(0.00 AS Decimal(15, 2)), CAST(9.99 AS Decimal(15, 2)), CAST(9.99 AS Decimal(15, 2)), CAST(99.99 AS Decimal(15, 2)), 0, 0, N'A ', N'A', 1, NULL)
SET IDENTITY_INSERT [dbo].[Products] OFF
SET IDENTITY_INSERT [dbo].[Skus] ON 

INSERT [dbo].[Skus] ([Id], [productid], [color], [color_name], [size], [subsize], [nwi], [stockstatus], [price], [special_price], [instock_qty], [retail_price], [cost], [sizeorder], [subsizeorder], [sp_cmp_price], [cmp_at_price], [second_sku], [departmentId], [club_price], [modified_dts]) VALUES (4, 38, N'Blue', N'Blue', N'10', NULL, NULL, NULL, CAST(111.11 AS Decimal(15, 2)), NULL, NULL, CAST(111.11 AS Decimal(15, 2)), NULL, 0, 0, NULL, NULL, NULL, 103, CAST(111.11 AS Decimal(15, 2)), CAST(N'2018-09-16T22:03:26.510' AS DateTime))
INSERT [dbo].[Skus] ([Id], [productid], [color], [color_name], [size], [subsize], [nwi], [stockstatus], [price], [special_price], [instock_qty], [retail_price], [cost], [sizeorder], [subsizeorder], [sp_cmp_price], [cmp_at_price], [second_sku], [departmentId], [club_price], [modified_dts]) VALUES (5, 39, N'Blue', N'Blue', N'10', NULL, NULL, NULL, CAST(111.11 AS Decimal(15, 2)), NULL, NULL, CAST(111.11 AS Decimal(15, 2)), NULL, 0, 0, NULL, NULL, NULL, 103, CAST(111.11 AS Decimal(15, 2)), CAST(N'2018-09-17T17:54:21.643' AS DateTime))
INSERT [dbo].[Skus] ([Id], [productid], [color], [color_name], [size], [subsize], [nwi], [stockstatus], [price], [special_price], [instock_qty], [retail_price], [cost], [sizeorder], [subsizeorder], [sp_cmp_price], [cmp_at_price], [second_sku], [departmentId], [club_price], [modified_dts]) VALUES (6, 40, N'Blue', N'Blue', N'10', NULL, NULL, NULL, CAST(342.22 AS Decimal(15, 2)), NULL, NULL, CAST(342.22 AS Decimal(15, 2)), NULL, 0, 0, NULL, NULL, NULL, 103, CAST(342.22 AS Decimal(15, 2)), CAST(N'2018-11-24T15:13:23.327' AS DateTime))
INSERT [dbo].[Skus] ([Id], [productid], [color], [color_name], [size], [subsize], [nwi], [stockstatus], [price], [special_price], [instock_qty], [retail_price], [cost], [sizeorder], [subsizeorder], [sp_cmp_price], [cmp_at_price], [second_sku], [departmentId], [club_price], [modified_dts]) VALUES (7, 41, N'Blue', N'Blue', N'10', NULL, NULL, NULL, CAST(100.00 AS Decimal(15, 2)), NULL, NULL, CAST(100.00 AS Decimal(15, 2)), NULL, 0, 0, NULL, NULL, NULL, 101, CAST(100.00 AS Decimal(15, 2)), CAST(N'2018-11-24T15:43:08.933' AS DateTime))
INSERT [dbo].[Skus] ([Id], [productid], [color], [color_name], [size], [subsize], [nwi], [stockstatus], [price], [special_price], [instock_qty], [retail_price], [cost], [sizeorder], [subsizeorder], [sp_cmp_price], [cmp_at_price], [second_sku], [departmentId], [club_price], [modified_dts]) VALUES (8, 42, N'Blue', N'Blue', N'10', NULL, NULL, NULL, CAST(222.22 AS Decimal(15, 2)), NULL, NULL, CAST(222.22 AS Decimal(15, 2)), NULL, 0, 0, NULL, NULL, NULL, 101, CAST(222.22 AS Decimal(15, 2)), CAST(N'2018-11-24T15:46:55.973' AS DateTime))
INSERT [dbo].[Skus] ([Id], [productid], [color], [color_name], [size], [subsize], [nwi], [stockstatus], [price], [special_price], [instock_qty], [retail_price], [cost], [sizeorder], [subsizeorder], [sp_cmp_price], [cmp_at_price], [second_sku], [departmentId], [club_price], [modified_dts]) VALUES (9, 43, N'Blue', N'Blue', N'10', NULL, NULL, NULL, CAST(111.11 AS Decimal(15, 2)), NULL, NULL, CAST(111.11 AS Decimal(15, 2)), NULL, 0, 0, NULL, NULL, NULL, 101, CAST(111.11 AS Decimal(15, 2)), CAST(N'2018-11-24T15:56:00.613' AS DateTime))
SET IDENTITY_INSERT [dbo].[Skus] OFF
SET IDENTITY_INSERT [dbo].[ShipMethods] ON 

INSERT [dbo].[ShipMethods] ([Id], [name], [providerinfo], [sortorder]) VALUES (1, N'UPS Ground                                                                 ', N'                         ', 0)
INSERT [dbo].[ShipMethods] ([Id], [name], [providerinfo], [sortorder]) VALUES (2, N'UPS Next Day Air                                                           ', N'                         ', 2)
INSERT [dbo].[ShipMethods] ([Id], [name], [providerinfo], [sortorder]) VALUES (3, N'UPS 2 Day                                                                  ', N'                         ', 3)
INSERT [dbo].[ShipMethods] ([Id], [name], [providerinfo], [sortorder]) VALUES (4, N'UPS 3 Day Select                                                           ', N'                         ', 4)
INSERT [dbo].[ShipMethods] ([Id], [name], [providerinfo], [sortorder]) VALUES (5, N'In Store Pick Up                                                           ', N'                         ', 5)
SET IDENTITY_INSERT [dbo].[ShipMethods] OFF
INSERT [dbo].[shiprates] ([Id], [ShipMethodId], [Amount], [StartAmount], [EndAmount]) VALUES (1, 1, CAST(15 AS Decimal(18, 0)), CAST(0 AS Decimal(18, 0)), CAST(150 AS Decimal(18, 0)))
INSERT [dbo].[shiprates] ([Id], [ShipMethodId], [Amount], [StartAmount], [EndAmount]) VALUES (1, 2, CAST(30 AS Decimal(18, 0)), CAST(0 AS Decimal(18, 0)), CAST(150 AS Decimal(18, 0)))
INSERT [dbo].[shiprates] ([Id], [ShipMethodId], [Amount], [StartAmount], [EndAmount]) VALUES (1, 3, CAST(20 AS Decimal(18, 0)), CAST(0 AS Decimal(18, 0)), CAST(150 AS Decimal(18, 0)))
INSERT [dbo].[shiprates] ([Id], [ShipMethodId], [Amount], [StartAmount], [EndAmount]) VALUES (1, 4, CAST(18 AS Decimal(18, 0)), CAST(0 AS Decimal(18, 0)), CAST(150 AS Decimal(18, 0)))
INSERT [dbo].[shiprates] ([Id], [ShipMethodId], [Amount], [StartAmount], [EndAmount]) VALUES (1, 5, CAST(0 AS Decimal(18, 0)), CAST(0 AS Decimal(18, 0)), CAST(999999999 AS Decimal(18, 0)))
INSERT [dbo].[shiprates] ([Id], [ShipMethodId], [Amount], [StartAmount], [EndAmount]) VALUES (2, 1, CAST(25 AS Decimal(18, 0)), CAST(150 AS Decimal(18, 0)), CAST(300 AS Decimal(18, 0)))
INSERT [dbo].[shiprates] ([Id], [ShipMethodId], [Amount], [StartAmount], [EndAmount]) VALUES (2, 2, CAST(50 AS Decimal(18, 0)), CAST(150 AS Decimal(18, 0)), CAST(300 AS Decimal(18, 0)))
INSERT [dbo].[shiprates] ([Id], [ShipMethodId], [Amount], [StartAmount], [EndAmount]) VALUES (2, 3, CAST(30 AS Decimal(18, 0)), CAST(150 AS Decimal(18, 0)), CAST(300 AS Decimal(18, 0)))
INSERT [dbo].[shiprates] ([Id], [ShipMethodId], [Amount], [StartAmount], [EndAmount]) VALUES (2, 4, CAST(28 AS Decimal(18, 0)), CAST(150 AS Decimal(18, 0)), CAST(300 AS Decimal(18, 0)))
INSERT [dbo].[shiprates] ([Id], [ShipMethodId], [Amount], [StartAmount], [EndAmount]) VALUES (3, 5, CAST(40 AS Decimal(18, 0)), CAST(300 AS Decimal(18, 0)), CAST(999999999 AS Decimal(18, 0)))
INSERT [dbo].[shiprates] ([Id], [ShipMethodId], [Amount], [StartAmount], [EndAmount]) VALUES (3, 2, CAST(80 AS Decimal(18, 0)), CAST(300 AS Decimal(18, 0)), CAST(999999999 AS Decimal(18, 0)))
INSERT [dbo].[shiprates] ([Id], [ShipMethodId], [Amount], [StartAmount], [EndAmount]) VALUES (3, 3, CAST(35 AS Decimal(18, 0)), CAST(300 AS Decimal(18, 0)), CAST(999999999 AS Decimal(18, 0)))
INSERT [dbo].[shiprates] ([Id], [ShipMethodId], [Amount], [StartAmount], [EndAmount]) VALUES (3, 4, CAST(30 AS Decimal(18, 0)), CAST(300 AS Decimal(18, 0)), CAST(999999999 AS Decimal(18, 0)))
SET IDENTITY_INSERT [dbo].[Taxes] ON 

INSERT [dbo].[Taxes] ([Id], [taxtype], [name]) VALUES (1, N'N', N'Default Tax                   ')
INSERT [dbo].[Taxes] ([Id], [taxtype], [name]) VALUES (2, N'N', N'Non-Tax                       ')
SET IDENTITY_INSERT [dbo].[Taxes] OFF
SET IDENTITY_INSERT [dbo].[Taxrates] ON 

INSERT [dbo].[Taxrates] ([Id], [taxid], [rate], [start_amount], [end_amount], [ratetype]) VALUES (1, 1, CAST(6.0000 AS Decimal(8, 4)), CAST(0.00 AS Decimal(12, 2)), CAST(99999999.99 AS Decimal(12, 2)), N'N')
INSERT [dbo].[Taxrates] ([Id], [taxid], [rate], [start_amount], [end_amount], [ratetype]) VALUES (2, 2, CAST(6.0000 AS Decimal(8, 4)), CAST(0.00 AS Decimal(12, 2)), CAST(99999999.99 AS Decimal(12, 2)), N'N')
SET IDENTITY_INSERT [dbo].[Taxrates] OFF
SET IDENTITY_INSERT [dbo].[States] ON 

INSERT [dbo].[States] ([Id], [name], [providerinfo], [taxid], [taxableShipping], [Code]) VALUES (1, N'Alaska                                            ', N'0                        ', 1, 0, N'AK')
INSERT [dbo].[States] ([Id], [name], [providerinfo], [taxid], [taxableShipping], [Code]) VALUES (2, N'Alabama                                           ', N'0                        ', 1, 0, N'AL')
INSERT [dbo].[States] ([Id], [name], [providerinfo], [taxid], [taxableShipping], [Code]) VALUES (3, N'Arkansas                                          ', N'0                        ', 1, 0, N'AR')
INSERT [dbo].[States] ([Id], [name], [providerinfo], [taxid], [taxableShipping], [Code]) VALUES (4, N'Arizona                                           ', N'0                        ', 1, 0, N'AZ')
INSERT [dbo].[States] ([Id], [name], [providerinfo], [taxid], [taxableShipping], [Code]) VALUES (5, N'California                                        ', N'0                        ', 1, 0, N'CA')
INSERT [dbo].[States] ([Id], [name], [providerinfo], [taxid], [taxableShipping], [Code]) VALUES (6, N'Colorado                                          ', N'0                        ', 1, 0, N'CO')
INSERT [dbo].[States] ([Id], [name], [providerinfo], [taxid], [taxableShipping], [Code]) VALUES (7, N'Connecticut                                       ', N'0                        ', 1, 0, N'CT')
INSERT [dbo].[States] ([Id], [name], [providerinfo], [taxid], [taxableShipping], [Code]) VALUES (8, N'District of Columbia                              ', N'0                        ', 1, 0, N'DC')
INSERT [dbo].[States] ([Id], [name], [providerinfo], [taxid], [taxableShipping], [Code]) VALUES (9, N'Delaware                                          ', N'0                        ', 1, 0, N'DE')
INSERT [dbo].[States] ([Id], [name], [providerinfo], [taxid], [taxableShipping], [Code]) VALUES (10, N'Florida                                           ', N'0                        ', 1, 0, N'FL')
INSERT [dbo].[States] ([Id], [name], [providerinfo], [taxid], [taxableShipping], [Code]) VALUES (11, N'Georgia                                           ', N'0                        ', 1, 0, N'GA')
INSERT [dbo].[States] ([Id], [name], [providerinfo], [taxid], [taxableShipping], [Code]) VALUES (12, N'Hawaii                                            ', N'0                        ', 1, 0, N'HI')
INSERT [dbo].[States] ([Id], [name], [providerinfo], [taxid], [taxableShipping], [Code]) VALUES (13, N'Iowa                                              ', N'0                        ', 1, 0, N'IA')
INSERT [dbo].[States] ([Id], [name], [providerinfo], [taxid], [taxableShipping], [Code]) VALUES (14, N'Idaho                                             ', N'0                        ', 1, 0, N'ID')
INSERT [dbo].[States] ([Id], [name], [providerinfo], [taxid], [taxableShipping], [Code]) VALUES (15, N'Illinois                                          ', N'0                        ', 1, 0, N'IL')
INSERT [dbo].[States] ([Id], [name], [providerinfo], [taxid], [taxableShipping], [Code]) VALUES (16, N'Indiana                                           ', N'0                        ', 1, 0, N'IN')
INSERT [dbo].[States] ([Id], [name], [providerinfo], [taxid], [taxableShipping], [Code]) VALUES (17, N'Kansas                                            ', N'0                        ', 1, 0, N'KS')
INSERT [dbo].[States] ([Id], [name], [providerinfo], [taxid], [taxableShipping], [Code]) VALUES (18, N'Kentucky                                          ', N'0                        ', 1, 0, N'KY')
INSERT [dbo].[States] ([Id], [name], [providerinfo], [taxid], [taxableShipping], [Code]) VALUES (19, N'Louisiana                                         ', N'0                        ', 1, 0, N'LA')
INSERT [dbo].[States] ([Id], [name], [providerinfo], [taxid], [taxableShipping], [Code]) VALUES (20, N'Massachusetts                                     ', N'0                        ', 1, 0, N'MA')
INSERT [dbo].[States] ([Id], [name], [providerinfo], [taxid], [taxableShipping], [Code]) VALUES (21, N'Maryland                                          ', N'0                        ', 1, 0, N'MD')
INSERT [dbo].[States] ([Id], [name], [providerinfo], [taxid], [taxableShipping], [Code]) VALUES (22, N'Maine                                             ', N'0                        ', 1, 0, N'ME')
INSERT [dbo].[States] ([Id], [name], [providerinfo], [taxid], [taxableShipping], [Code]) VALUES (23, N'Michigan                                          ', N'0                        ', 1, 0, N'MI')
INSERT [dbo].[States] ([Id], [name], [providerinfo], [taxid], [taxableShipping], [Code]) VALUES (24, N'Minnesota                                         ', N'0                        ', 1, 0, N'MN')
INSERT [dbo].[States] ([Id], [name], [providerinfo], [taxid], [taxableShipping], [Code]) VALUES (25, N'Missouri                                          ', N'0                        ', 1, 0, N'MO')
INSERT [dbo].[States] ([Id], [name], [providerinfo], [taxid], [taxableShipping], [Code]) VALUES (26, N'Mississippi                                       ', N'0                        ', 1, 0, N'MS')
INSERT [dbo].[States] ([Id], [name], [providerinfo], [taxid], [taxableShipping], [Code]) VALUES (27, N'Montana                                           ', N'0                        ', 1, 0, N'MT')
INSERT [dbo].[States] ([Id], [name], [providerinfo], [taxid], [taxableShipping], [Code]) VALUES (28, N'North Carolina                                    ', N'0                        ', 1, 0, N'NC')
INSERT [dbo].[States] ([Id], [name], [providerinfo], [taxid], [taxableShipping], [Code]) VALUES (29, N'North Dakota                                      ', N'0                        ', 1, 0, N'ND')
INSERT [dbo].[States] ([Id], [name], [providerinfo], [taxid], [taxableShipping], [Code]) VALUES (30, N'Nebraska                                          ', N'0                        ', 1, 0, N'NE')
INSERT [dbo].[States] ([Id], [name], [providerinfo], [taxid], [taxableShipping], [Code]) VALUES (31, N'New Hampshire                                     ', N'0                        ', 1, 0, N'NH')
INSERT [dbo].[States] ([Id], [name], [providerinfo], [taxid], [taxableShipping], [Code]) VALUES (32, N'New Jersey                                        ', N'0                        ', 1, 0, N'NJ')
INSERT [dbo].[States] ([Id], [name], [providerinfo], [taxid], [taxableShipping], [Code]) VALUES (33, N'New Mexico                                        ', N'0                        ', 1, 0, N'NM')
INSERT [dbo].[States] ([Id], [name], [providerinfo], [taxid], [taxableShipping], [Code]) VALUES (34, N'Nevada                                            ', N'0                        ', 1, 0, N'NV')
INSERT [dbo].[States] ([Id], [name], [providerinfo], [taxid], [taxableShipping], [Code]) VALUES (35, N'New York                                          ', N'0                        ', 1, 0, N'NY')
INSERT [dbo].[States] ([Id], [name], [providerinfo], [taxid], [taxableShipping], [Code]) VALUES (36, N'Ohio                                              ', N'0                        ', 1, 0, N'OH')
INSERT [dbo].[States] ([Id], [name], [providerinfo], [taxid], [taxableShipping], [Code]) VALUES (37, N'Oklahoma                                          ', N'0                        ', 1, 0, N'OK')
INSERT [dbo].[States] ([Id], [name], [providerinfo], [taxid], [taxableShipping], [Code]) VALUES (38, N'Oregon                                            ', N'0                        ', 1, 0, N'OR')
INSERT [dbo].[States] ([Id], [name], [providerinfo], [taxid], [taxableShipping], [Code]) VALUES (39, N'Pennsylvania                                      ', N'0                        ', 1, 0, N'PA')
INSERT [dbo].[States] ([Id], [name], [providerinfo], [taxid], [taxableShipping], [Code]) VALUES (40, N'Puerto Rico                                       ', N'0                        ', 1, 0, N'PR')
INSERT [dbo].[States] ([Id], [name], [providerinfo], [taxid], [taxableShipping], [Code]) VALUES (41, N'Rhode Island                                      ', N'0                        ', 1, 0, N'RI')
INSERT [dbo].[States] ([Id], [name], [providerinfo], [taxid], [taxableShipping], [Code]) VALUES (42, N'South Carolina                                    ', N'0                        ', 1, 0, N'SC')
INSERT [dbo].[States] ([Id], [name], [providerinfo], [taxid], [taxableShipping], [Code]) VALUES (43, N'South Dakota                                      ', N'0                        ', 1, 0, N'SD')
INSERT [dbo].[States] ([Id], [name], [providerinfo], [taxid], [taxableShipping], [Code]) VALUES (44, N'Tennessee                                         ', N'0                        ', 1, 0, N'TN')
INSERT [dbo].[States] ([Id], [name], [providerinfo], [taxid], [taxableShipping], [Code]) VALUES (45, N'Texas                                             ', N'0                        ', 1, 0, N'TX')
INSERT [dbo].[States] ([Id], [name], [providerinfo], [taxid], [taxableShipping], [Code]) VALUES (46, N'Utah                                              ', N'0                        ', 1, 0, N'UT')
INSERT [dbo].[States] ([Id], [name], [providerinfo], [taxid], [taxableShipping], [Code]) VALUES (47, N'Virginia                                          ', N'0                        ', 1, 0, N'VA')
INSERT [dbo].[States] ([Id], [name], [providerinfo], [taxid], [taxableShipping], [Code]) VALUES (48, N'Virgin Islands                                    ', N'0                        ', 1, 0, N'VI')
INSERT [dbo].[States] ([Id], [name], [providerinfo], [taxid], [taxableShipping], [Code]) VALUES (49, N'Vermont                                           ', N'0                        ', 1, 0, N'VT')
INSERT [dbo].[States] ([Id], [name], [providerinfo], [taxid], [taxableShipping], [Code]) VALUES (50, N'Washington                                        ', N'0                        ', 1, 0, N'WA')
INSERT [dbo].[States] ([Id], [name], [providerinfo], [taxid], [taxableShipping], [Code]) VALUES (51, N'Wisconsin                                         ', N'0                        ', 1, 0, N'WI')
INSERT [dbo].[States] ([Id], [name], [providerinfo], [taxid], [taxableShipping], [Code]) VALUES (52, N'West Virginia                                     ', N'0                        ', 1, 0, N'WV')
INSERT [dbo].[States] ([Id], [name], [providerinfo], [taxid], [taxableShipping], [Code]) VALUES (53, N'Wyoming                                           ', N'0                        ', 1, 0, N'WY')
SET IDENTITY_INSERT [dbo].[States] OFF
